distortion_type,severity_level,mean_match_accuracy,std_match_accuracy,mean_good_matches,mean_distorted_keypoints
gaussian_noise,mild,0.8146519007654036,0.07319390231047236,1102.06,1351.92
gaussian_noise,medium,0.6214207149611396,0.12320921859949864,854.2,1389.48
gaussian_noise,severe,0.3987093069489409,0.13288536011039953,557.64,1426.75
jpeg_compression,mild,0.7797945282392589,0.05982956361834481,1048.47,1335.97
jpeg_compression,medium,0.6613241536877265,0.08896386539409519,898.95,1339.65
jpeg_compression,severe,0.35636575501974105,0.12267348480784902,498.8,1369.22
low_light,mild,0.9001441412657474,0.039255193536050684,991.4,1102.56
low_light,medium,0.8748893815434116,0.0611805794107711,589.26,690.47
low_light,severe,0.8133809711616733,0.31276537709573443,62.83,73.12
